id,Title,Author,Year,Genre
1,10-Day Green Smoothie Cleanse,JJ Smith,2016,Non Fiction
2,11/22/63: A Novel,Stephen King,2011,Fiction
3,12 Rules for Life: An Antidote to Chaos,Jordan B. Peterson,2018,Non Fiction
4,1984 (Signet Classics),George Orwell,2017,Fiction
5,"5,000 Awesome Facts (About Everything!) (National Geographic Kids)",National Geographic Kids,2019,Non Fiction
6,A Dance with Dragons (A Song of Ice and Fire),George R. R. Martin,2011,Fiction
7,A Game of Thrones / A Clash of Kings / A Storm of Swords / A Feast of Crows / A Dance with Dragons,George R. R. Martin,2014,Fiction
8,A Gentleman in Moscow: A Novel,Amor Towles,2017,Fiction
9,"A Higher Loyalty: Truth, Lies, and Leadership",James Comey,2018,Non Fiction
10,A Man Called Ove: A Novel,Fredrik Backman,2016,Fiction
11,A Man Called Ove: A Novel,Fredrik Backman,2017,Fiction
12,A Patriot's History of the United States: From Columbus's Great Discovery to the War on Terror,Larry Schweikart,2010,Non Fiction
13,A Stolen Life: A Memoir,Jaycee Dugard,2011,Non Fiction
14,A Wrinkle in Time (Time Quintet),Madeleine L'Engle,2018,Fiction
15,"Act Like a Lady, Think Like a Man: What Men Really Think About Love, Relationships, Intimacy, and Commitment",Steve Harvey,2009,Non Fiction
16,"Adult Coloring Book Designs: Stress Relief Coloring Book: Garden Designs, Mandalas, Animals, and Paisley Patterns",Adult Coloring Book Designs,2016,Non Fiction
17,Adult Coloring Book: Stress Relieving Animal Designs,Blue Star Coloring,2015,Non Fiction
18,Adult Coloring Book: Stress Relieving Patterns,Blue Star Coloring,2015,Non Fiction
19,"Adult Coloring Books: A Coloring Book for Adults Featuring Mandalas and Henna Inspired Flowers, Animals, and Paisleyâ€¦",Coloring Books for Adults,2015,Non Fiction
20,Alexander Hamilton,Ron Chernow,2016,Non Fiction
21,All the Light We Cannot See,Anthony Doerr,2014,Fiction
22,All the Light We Cannot See,Anthony Doerr,2015,Fiction
23,Allegiant,Veronica Roth,2013,Fiction
24,American Sniper: The Autobiography of the Most Lethal Sniper in U.S. Military History,Chris Kyle,2015,Non Fiction
25,And the Mountains Echoed,Khaled Hosseini,2013,Fiction
26,Arguing with Idiots: How to Stop Small Minds and Big Government,Glenn Beck,2009,Non Fiction
27,Astrophysics for People in a Hurry,Neil deGrasse Tyson,2017,Non Fiction
28,"Autobiography of Mark Twain, Vol. 1",Mark Twain,2010,Non Fiction
29,Baby Touch and Feel: Animals,DK,2015,Non Fiction
30,Balance (Angie's Extreme Stress Menders),Angie Grace,2015,Non Fiction
31,Barefoot Contessa Foolproof: Recipes You Can Trust: A Cookbook,Ina Garten,2012,Non Fiction
32,"Barefoot Contessa, How Easy Is That?: Fabulous Recipes & Easy Tips",Ina Garten,2010,Non Fiction
33,Becoming,Michelle Obama,2018,Non Fiction
34,Becoming,Michelle Obama,2019,Non Fiction
35,Being Mortal: Medicine and What Matters in the End,Atul Gawande,2015,Non Fiction
36,Between the World and Me,Ta-Nehisi Coates,2015,Non Fiction
37,Between the World and Me,Ta-Nehisi Coates,2016,Non Fiction
38,Born to Run,Bruce Springsteen,2016,Non Fiction
39,"Breaking Dawn (The Twilight Saga, Book 4)",Stephenie Meyer,2009,Fiction
40,"Broke: The Plan to Restore Our Trust, Truth and Treasure",Glenn Beck,2010,Non Fiction
41,"Brown Bear, Brown Bear, What Do You See?",Bill Martin Jr.,2017,Fiction
42,"Brown Bear, Brown Bear, What Do You See?",Bill Martin Jr.,2019,Fiction
43,"Cabin Fever (Diary of a Wimpy Kid, Book 6)",Jeff Kinney,2011,Fiction
44,Calm the F*ck Down: An Irreverent Adult Coloring Book (Irreverent Book Series),Sasha O'Hara,2016,Non Fiction
45,Can't Hurt Me: Master Your Mind and Defy the Odds,David Goggins,2019,Non Fiction
46,Capital in the Twenty First Century,Thomas Piketty,2014,Non Fiction
47,Catching Fire (The Hunger Games),Suzanne Collins,2010,Fiction
48,Catching Fire (The Hunger Games),Suzanne Collins,2011,Fiction
49,Catching Fire (The Hunger Games),Suzanne Collins,2012,Fiction
50,Cravings: Recipes for All the Food You Want to Eat: A Cookbook,Chrissy Teigen,2016,Non Fiction
51,Crazy Love: Overwhelmed by a Relentless God,Francis Chan,2009,Non Fiction
52,Crazy Love: Overwhelmed by a Relentless God,Francis Chan,2010,Non Fiction
53,Crazy Love: Overwhelmed by a Relentless God,Francis Chan,2011,Non Fiction
54,Crazy Rich Asians (Crazy Rich Asians Trilogy),Kevin Kwan,2018,Fiction
55,Creative Haven Creative Cats Coloring Book (Adult Coloring),Marjorie Sarnat,2015,Non Fiction
56,Creative Haven Owls Coloring Book (Adult Coloring),Marjorie Sarnat,2015,Non Fiction
57,Cutting for Stone,Abraham Verghese,2010,Fiction
58,Cutting for Stone,Abraham Verghese,2011,Fiction
59,"Daring Greatly: How the Courage to Be Vulnerable Transforms the Way We Live, Love, Parent, and Lead",BreneÌ Brown,2013,Non Fiction
60,"David and Goliath: Underdogs, Misfits, and the Art of Battling Giants",Malcolm Gladwell,2013,Non Fiction
61,Dead And Gone: A Sookie Stackhouse Novel (Sookie Stackhouse/True Blood),Charlaine Harris,2009,Fiction
62,"Dead in the Family (Sookie Stackhouse/True Blood, Book 10)",Charlaine Harris,2010,Fiction
63,"Dead Reckoning (Sookie Stackhouse/True Blood, Book 11)",Charlaine Harris,2011,Fiction
64,Dear Zoo: A Lift-the-Flap Book,Rod Campbell,2015,Fiction
65,Dear Zoo: A Lift-the-Flap Book,Rod Campbell,2016,Fiction
66,Dear Zoo: A Lift-the-Flap Book,Rod Campbell,2017,Fiction
67,Dear Zoo: A Lift-the-Flap Book,Rod Campbell,2018,Fiction
68,Decision Points,George W. Bush,2010,Non Fiction
69,"Delivering Happiness: A Path to Profits, Passion, and Purpose",Tony Hsieh,2010,Non Fiction
70,"Diagnostic and Statistical Manual of Mental Disorders, 5th Edition: DSM-5",American Psychiatric Association,2013,Non Fiction
71,"Diagnostic and Statistical Manual of Mental Disorders, 5th Edition: DSM-5",American Psychiatric Association,2014,Non Fiction
72,"Diary of a Wimpy Kid: Hard Luck, Book 8",Jeff Kinney,2013,Fiction
73,Diary of a Wimpy Kid: The Last Straw (Book 3),Jeff Kinney,2009,Fiction
74,Diary of a Wimpy Kid: The Long Haul,Jeff Kinney,2014,Fiction
75,Difficult Riddles For Smart Kids: 300 Difficult Riddles And Brain Teasers Families Will Love (Books for Smart Kids),M Prefontaine,2019,Non Fiction
76,Divergent,Veronica Roth,2013,Fiction
77,Divergent,Veronica Roth,2014,Fiction
78,Divergent / Insurgent,Veronica Roth,2014,Fiction
79,"Divine Soul Mind Body Healing and Transmission System: The Divine Way to Heal You, Humanity, Mother Earth, and Allâ€¦",Zhi Gang Sha,2009,Non Fiction
80,Doctor Sleep: A Novel,Stephen King,2013,Fiction
81,"Dog Days (Diary of a Wimpy Kid, Book 4) (Volume 4)",Jeff Kinney,2009,Fiction
82,Dog Man and Cat Kid: From the Creator of Captain Underpants (Dog Man #4),Dav Pilkey,2018,Fiction
83,Dog Man: A Tale of Two Kitties: From the Creator of Captain Underpants (Dog Man #3),Dav Pilkey,2017,Fiction
84,Dog Man: Brawl of the Wild: From the Creator of Captain Underpants (Dog Man #6),Dav Pilkey,2018,Fiction
85,Dog Man: Brawl of the Wild: From the Creator of Captain Underpants (Dog Man #6),Dav Pilkey,2019,Fiction
86,Dog Man: Fetch-22: From the Creator of Captain Underpants (Dog Man #8),Dav Pilkey,2019,Fiction
87,Dog Man: For Whom the Ball Rolls: From the Creator of Captain Underpants (Dog Man #7),Dav Pilkey,2019,Fiction
88,Dog Man: Lord of the Fleas: From the Creator of Captain Underpants (Dog Man #5),Dav Pilkey,2018,Fiction
89,Double Down (Diary of a Wimpy Kid #11),Jeff Kinney,2016,Fiction
90,Dover Creative Haven Art Nouveau Animal Designs Coloring Book (Creative Haven Coloring Books),Marty Noble,2015,Non Fiction
91,Drive: The Surprising Truth About What Motivates Us,Daniel H. Pink,2010,Non Fiction
92,Eat This Not That! Supermarket Survival Guide: The No-Diet Weight Loss Solution,David Zinczenko,2009,Non Fiction
93,"Eat This, Not That! Thousands of Simple Food Swaps that Can Save You 10, 20, 30 Pounds--or More!",David Zinczenko,2009,Non Fiction
94,"Eat to Live: The Amazing Nutrient-Rich Program for Fast and Sustained Weight Loss, Revised Edition",Joel Fuhrman MD,2011,Non Fiction
95,"Eat to Live: The Amazing Nutrient-Rich Program for Fast and Sustained Weight Loss, Revised Edition",Joel Fuhrman MD,2012,Non Fiction
96,Eclipse (Twilight Sagas),Stephenie Meyer,2009,Fiction
97,Eclipse (Twilight),Stephenie Meyer,2009,Fiction
98,Educated: A Memoir,Tara Westover,2018,Non Fiction
99,Educated: A Memoir,Tara Westover,2019,Non Fiction
100,"Enchanted Forest: An Inky Quest and Coloring book (Activity Books, Mindfulness and Meditation, Illustrated Floral Printsâ€¦",Johanna Basford,2015,Non Fiction
101,Fahrenheit 451,Ray Bradbury,2016,Fiction
102,Fahrenheit 451,Ray Bradbury,2018,Fiction
103,Fantastic Beasts and Where to Find Them: The Original Screenplay (Harry Potter),J.K. Rowling,2016,Fiction
104,Fear: Trump in the White House,Bob Woodward,2018,Non Fiction
105,Fifty Shades Darker,E L James,2012,Fiction
106,Fifty Shades Freed: Book Three of the Fifty Shades Trilogy (Fifty Shades of Grey Series) (English Edition),E L James,2012,Fiction
107,Fifty Shades of Grey: Book One of the Fifty Shades Trilogy (Fifty Shades of Grey Series),E L James,2012,Fiction
108,Fifty Shades of Grey: Book One of the Fifty Shades Trilogy (Fifty Shades of Grey Series),E L James,2013,Fiction
109,Fifty Shades Trilogy (Fifty Shades of Grey / Fifty Shades Darker / Fifty Shades Freed),E L James,2012,Fiction
110,Fire and Fury: Inside the Trump White House,Michael Wolff,2018,Non Fiction
111,First 100 Words,Roger Priddy,2014,Non Fiction
112,First 100 Words,Roger Priddy,2015,Non Fiction
113,First 100 Words,Roger Priddy,2016,Non Fiction
114,First 100 Words,Roger Priddy,2017,Non Fiction
115,First 100 Words,Roger Priddy,2018,Non Fiction
116,Food Rules: An Eater's Manual,Michael Pollan,2010,Non Fiction
117,Frozen (Little Golden Book),RH Disney,2014,Fiction
118,"Game Change: Obama and the Clintons, McCain and Palin, and the Race of a Lifetime",John Heilemann,2010,Non Fiction
119,Game of Thrones Boxed Set: A Game of Thrones/A Clash of Kings/A Storm of Swords/A Feast for Crows,George R.R. Martin,2011,Fiction
120,Game of Thrones Boxed Set: A Game of Thrones/A Clash of Kings/A Storm of Swords/A Feast for Crows,George R.R. Martin,2012,Fiction
121,Game of Thrones Boxed Set: A Game of Thrones/A Clash of Kings/A Storm of Swords/A Feast for Crows,George R.R. Martin,2013,Fiction
122,George Washington's Sacred Fire,Peter A. Lillback,2010,Non Fiction
123,George Washington's Secret Six: The Spy Ring That Saved the American Revolution,Brian Kilmeade,2013,Non Fiction
124,Giraffes Can't Dance,Giles Andreae,2015,Fiction
125,Giraffes Can't Dance,Giles Andreae,2016,Fiction
126,Giraffes Can't Dance,Giles Andreae,2017,Fiction
127,Giraffes Can't Dance,Giles Andreae,2018,Fiction
128,Giraffes Can't Dance,Giles Andreae,2019,Fiction
129,"Girl, Stop Apologizing: A Shame-Free Plan for Embracing and Achieving Your Goals",Rachel Hollis,2019,Non Fiction
130,"Girl, Wash Your Face: Stop Believing the Lies About Who You Are So You Can Become Who You Were Meant to Be",Rachel Hollis,2018,Non Fiction
131,"Girl, Wash Your Face: Stop Believing the Lies About Who You Are So You Can Become Who You Were Meant to Be",Rachel Hollis,2019,Non Fiction
132,"Glenn Beck's Common Sense: The Case Against an Out-of-Control Government, Inspired by Thomas Paine",Glenn Beck,2009,Non Fiction
133,Go Set a Watchman: A Novel,Harper Lee,2015,Fiction
134,Go the F**k to Sleep,Adam Mansbach,2011,Fiction
135,Going Rogue: An American Life,Sarah Palin,2009,Non Fiction
136,Gone Girl,Gillian Flynn,2012,Fiction
137,Gone Girl,Gillian Flynn,2013,Fiction
138,Gone Girl,Gillian Flynn,2014,Fiction
139,Good Days Start With Gratitude: A 52 Week Guide To Cultivate An Attitude Of Gratitude: Gratitude Journal,Pretty Simple Press,2019,Non Fiction
140,Good to Great: Why Some Companies Make the Leap and Others Don't,Jim Collins,2009,Non Fiction
141,Good to Great: Why Some Companies Make the Leap and Others Don't,Jim Collins,2010,Non Fiction
142,Good to Great: Why Some Companies Make the Leap and Others Don't,Jim Collins,2011,Non Fiction
143,Good to Great: Why Some Companies Make the Leap and Others Don't,Jim Collins,2012,Non Fiction
144,Goodnight Moon,Margaret Wise Brown,2017,Fiction
145,Goodnight Moon,Margaret Wise Brown,2018,Fiction
146,Goodnight Moon,Margaret Wise Brown,2019,Fiction
147,"Goodnight, Goodnight Construction Site (Hardcover Books for Toddlers, Preschool Books for Kids)",Sherri Duskey Rinker,2012,Fiction
148,"Goodnight, Goodnight Construction Site (Hardcover Books for Toddlers, Preschool Books for Kids)",Sherri Duskey Rinker,2013,Fiction
149,"Grain Brain: The Surprising Truth about Wheat, Carbs, and Sugar--Your Brain's Silent Killers",David Perlmutter MD,2014,Non Fiction
150,Grey: Fifty Shades of Grey as Told by Christian (Fifty Shades of Grey Series),E L James,2015,Fiction
151,Guts,Raina Telgemeier,2019,Non Fiction
152,Hamilton: The Revolution,Lin-Manuel Miranda,2016,Non Fiction
153,"Happy, Happy, Happy: My Life and Legacy as the Duck Commander",Phil Robertson,2013,Non Fiction
154,"Harry Potter and the Chamber of Secrets: The Illustrated Edition (Harry Potter, Book 2)",J.K. Rowling,2016,Fiction
155,"Harry Potter and the Cursed Child, Parts 1 & 2, Special Rehearsal Edition Script",J.K. Rowling,2016,Fiction
156,"Harry Potter and the Goblet of Fire: The Illustrated Edition (Harry Potter, Book 4) (4)",J. K. Rowling,2019,Fiction
157,"Harry Potter and the Prisoner of Azkaban: The Illustrated Edition (Harry Potter, Book 3)",J.K. Rowling,2017,Fiction
158,"Harry Potter and the Sorcerer's Stone: The Illustrated Edition (Harry Potter, Book 1)",J.K. Rowling,2016,Fiction
159,Harry Potter Coloring Book,Scholastic,2015,Non Fiction
160,Harry Potter Paperback Box Set (Books 1-7),J. K. Rowling,2016,Fiction
161,Have a Little Faith: A True Story,Mitch Albom,2009,Non Fiction
162,Heaven is for Real: A Little Boy's Astounding Story of His Trip to Heaven and Back,Todd Burpo,2011,Non Fiction
163,Heaven is for Real: A Little Boy's Astounding Story of His Trip to Heaven and Back,Todd Burpo,2012,Non Fiction
164,Hillbilly Elegy: A Memoir of a Family and Culture in Crisis,J. D. Vance,2016,Non Fiction
165,Hillbilly Elegy: A Memoir of a Family and Culture in Crisis,J. D. Vance,2017,Non Fiction
166,Homebody: A Guide to Creating Spaces You Never Want to Leave,Joanna Gaines,2018,Non Fiction
167,How to Win Friends & Influence People,Dale Carnegie,2014,Non Fiction
168,How to Win Friends & Influence People,Dale Carnegie,2015,Non Fiction
169,How to Win Friends & Influence People,Dale Carnegie,2016,Non Fiction
170,How to Win Friends & Influence People,Dale Carnegie,2017,Non Fiction
171,How to Win Friends & Influence People,Dale Carnegie,2018,Non Fiction
172,Howard Stern Comes Again,Howard Stern,2019,Non Fiction
173,Humans of New York,Brandon Stanton,2013,Non Fiction
174,Humans of New York,Brandon Stanton,2014,Non Fiction
175,Humans of New York : Stories,Brandon Stanton,2015,Non Fiction
176,"Hyperbole and a Half: Unfortunate Situations, Flawed Coping Mechanisms, Mayhem, and Other Things That Happened",Allie Brosh,2013,Non Fiction
177,"I Am Confident, Brave & Beautiful: A Coloring Book for Girls",Hopscotch Girls,2019,Non Fiction
178,"I, Alex Cross",James Patterson,2009,Fiction
179,If Animals Kissed Good Night,Ann Whitford Paul,2017,Fiction
180,If Animals Kissed Good Night,Ann Whitford Paul,2019,Fiction
181,If I Stay,Gayle Forman,2014,Fiction
182,"In the Garden of Beasts: Love, Terror, and an American Family in Hitler's Berlin",Eric Larson,2011,Non Fiction
183,Inferno,Dan Brown,2013,Fiction
184,Inheritance: Book IV (Inheritance Cycle),Christopher Paolini,2011,Fiction
185,Instant Pot Pressure Cooker Cookbook: 500 Everyday Recipes for Beginners and Advanced Users. Try Easy and Healthyâ€¦,Jennifer Smith,2019,Non Fiction
186,Instant Pot Pressure Cooker Cookbook: 500 Everyday Recipes for Beginners and Advanced Users. Try Easy and Healthyâ€¦,Jennifer Smith,2018,Non Fiction
187,It's Not Supposed to Be This Way: Finding Unexpected Strength When Disappointments Leave You Shattered,Lysa TerKeurst,2019,Non Fiction
188,Jesus Calling: Enjoying Peace in His Presence (with Scripture References),Sarah Young,2011,Non Fiction
189,Jesus Calling: Enjoying Peace in His Presence (with Scripture References),Sarah Young,2012,Non Fiction
190,Jesus Calling: Enjoying Peace in His Presence (with Scripture References),Sarah Young,2013,Non Fiction
191,Jesus Calling: Enjoying Peace in His Presence (with Scripture References),Sarah Young,2014,Non Fiction
192,Jesus Calling: Enjoying Peace in His Presence (with Scripture References),Sarah Young,2015,Non Fiction
193,Jesus Calling: Enjoying Peace in His Presence (with Scripture References),Sarah Young,2016,Non Fiction
194,JOURNEY TO THE ICE P,RH Disney,2014,Fiction
195,Joyland (Hard Case Crime),Stephen King,2013,Fiction
196,Killers of the Flower Moon: The Osage Murders and the Birth of the FBI,David Grann,2017,Non Fiction
197,Killing Jesus (Bill O'Reilly's Killing Series),Bill O'Reilly,2013,Non Fiction
198,Killing Kennedy: The End of Camelot,Bill O'Reilly,2012,Non Fiction
199,Killing Lincoln: The Shocking Assassination that Changed America Forever (Bill O'Reilly's Killing Series),Bill O'Reilly,2011,Non Fiction
200,Killing Lincoln: The Shocking Assassination that Changed America Forever (Bill O'Reilly's Killing Series),Bill O'Reilly,2012,Non Fiction
201,Killing Patton: The Strange Death of World War II's Most Audacious General (Bill O'Reilly's Killing Series),Bill O'Reilly,2014,Non Fiction
202,Killing Reagan: The Violent Assault That Changed a Presidency (Bill O'Reilly's Killing Series),Bill O'Reilly,2015,Non Fiction
203,Killing the Rising Sun: How America Vanquished World War II Japan (Bill O'Reilly's Killing Series),Bill O'Reilly,2016,Non Fiction
204,Kitchen Confidential Updated Edition: Adventures in the Culinary Underbelly (P.S.),Anthony Bourdain,2018,Non Fiction
205,Knock-Knock Jokes for Kids,Rob Elliott,2013,Non Fiction
206,Knock-Knock Jokes for Kids,Rob Elliott,2014,Non Fiction
207,Knock-Knock Jokes for Kids,Rob Elliott,2015,Non Fiction
208,"Last Week Tonight with John Oliver Presents A Day in the Life of Marlon Bundo (Better Bundo Book, LGBT ChildrenÂ’s Book)",Jill Twiss,2018,Fiction
209,Laugh-Out-Loud Jokes for Kids,Rob Elliott,2013,Non Fiction
210,Laugh-Out-Loud Jokes for Kids,Rob Elliott,2014,Non Fiction
211,Laugh-Out-Loud Jokes for Kids,Rob Elliott,2015,Non Fiction
212,Laugh-Out-Loud Jokes for Kids,Rob Elliott,2016,Non Fiction
213,Laugh-Out-Loud Jokes for Kids,Rob Elliott,2017,Non Fiction
214,"Lean In: Women, Work, and the Will to Lead",Sheryl Sandberg,2013,Non Fiction
215,Leonardo da Vinci,Walter Isaacson,2017,Non Fiction
216,Lettering and Modern Calligraphy: A Beginner's Guide: Learn Hand Lettering and Brush Lettering,Paper Peony Press,2018,Non Fiction
217,Liberty and Tyranny: A Conservative Manifesto,Mark R. Levin,2009,Non Fiction
218,Life,Keith Richards,2010,Non Fiction
219,Little Bee: A Novel,Chris Cleave,2010,Fiction
220,Little Blue Truck,Alice Schertle,2014,Fiction
221,Little Fires Everywhere,Celeste Ng,2018,Fiction
222,Looking for Alaska,John Green,2014,Fiction
223,"Love Wins: A Book About Heaven, Hell, and the Fate of Every Person Who Ever Lived",Rob Bell,2011,Non Fiction
224,Love You Forever,Robert Munsch,2014,Fiction
225,Love You Forever,Robert Munsch,2015,Fiction
226,Magnolia Table: A Collection of Recipes for Gathering,Joanna Gaines,2018,Non Fiction
227,Make It Ahead: A Barefoot Contessa Cookbook,Ina Garten,2014,Non Fiction
228,Make Your Bed: Little Things That Can Change Your Life...And Maybe the World,Admiral William H. McRaven,2017,Non Fiction
229,"Mastering the Art of French Cooking, Vol. 2",Julia Child,2009,Non Fiction
230,Milk and Honey,Rupi Kaur,2016,Non Fiction
231,Milk and Honey,Rupi Kaur,2017,Non Fiction
232,Milk and Honey,Rupi Kaur,2018,Non Fiction
233,Milk and Vine: Inspirational Quotes From Classic Vines,Adam Gasiewski,2017,Non Fiction
234,Mindset: The New Psychology of Success,Carol S. Dweck,2014,Non Fiction
235,Mindset: The New Psychology of Success,Carol S. Dweck,2015,Non Fiction
236,Mindset: The New Psychology of Success,Carol S. Dweck,2016,Non Fiction
237,Mockingjay (The Hunger Games),Suzanne Collins,2010,Fiction
238,Mockingjay (The Hunger Games),Suzanne Collins,2011,Fiction
239,Mockingjay (The Hunger Games),Suzanne Collins,2012,Fiction
240,"National Geographic Kids Why?: Over 1,111 Answers to Everything",Crispin Boyer,2019,Non Fiction
241,National Geographic Little Kids First Big Book of Why (National Geographic Little Kids First Big Books),Amy Shields,2019,Non Fiction
242,New Moon (The Twilight Saga),Stephenie Meyer,2009,Fiction
243,Night (Night),Elie Wiesel,2016,Non Fiction
244,No Easy Day: The Autobiography of a Navy Seal: The Firsthand Account of the Mission That Killed Osama Bin Laden,Mark Owen,2012,Non Fiction
245,Obama: An Intimate Portrait,Pete Souza,2017,Non Fiction
246,"Oh, the Places You'll Go!",Dr. Seuss,2012,Fiction
247,"Oh, the Places You'll Go!",Dr. Seuss,2013,Fiction
248,"Oh, the Places You'll Go!",Dr. Seuss,2014,Fiction
249,"Oh, the Places You'll Go!",Dr. Seuss,2015,Fiction
250,"Oh, the Places You'll Go!",Dr. Seuss,2016,Fiction
251,"Oh, the Places You'll Go!",Dr. Seuss,2017,Fiction
252,"Oh, the Places You'll Go!",Dr. Seuss,2018,Fiction
253,"Oh, the Places You'll Go!",Dr. Seuss,2019,Fiction
254,Old School (Diary of a Wimpy Kid #10),Jeff Kinney,2015,Fiction
255,Olive Kitteridge,Elizabeth Strout,2009,Fiction
256,One Thousand Gifts: A Dare to Live Fully Right Where You Are,Ann Voskamp,2011,Non Fiction
257,One Thousand Gifts: A Dare to Live Fully Right Where You Are,Ann Voskamp,2012,Non Fiction
258,"Option B: Facing Adversity, Building Resilience, and Finding Joy",Sheryl Sandberg,2017,Non Fiction
259,Origin: A Novel (Robert Langdon),Dan Brown,2017,Fiction
260,Orphan Train,Christina Baker Kline,2014,Fiction
261,Outliers: The Story of Success,Malcolm Gladwell,2009,Non Fiction
262,Outliers: The Story of Success,Malcolm Gladwell,2010,Non Fiction
263,P is for Potty! (Sesame Street) (Lift-the-Flap),Naomi Kleinberg,2018,Non Fiction
264,P is for Potty! (Sesame Street) (Lift-the-Flap),Naomi Kleinberg,2019,Non Fiction
265,Percy Jackson and the Olympians Paperback Boxed Set (Books 1-3),Rick Riordan,2010,Fiction
266,Player's Handbook (Dungeons & Dragons),Wizards RPG Team,2017,Fiction
267,Player's Handbook (Dungeons & Dragons),Wizards RPG Team,2018,Fiction
268,Player's Handbook (Dungeons & Dragons),Wizards RPG Team,2019,Fiction
269,PokÃ©mon Deluxe Essential Handbook: The Need-to-Know Stats and Facts on Over 700 PokÃ©mon,Scholastic,2016,Fiction
270,Proof of Heaven: A Neurosurgeon's Journey into the Afterlife,Eben Alexander,2012,Non Fiction
271,Proof of Heaven: A Neurosurgeon's Journey into the Afterlife,Eben Alexander,2013,Non Fiction
272,"Publication Manual of the American Psychological Association, 6th Edition",American Psychological Association,2009,Non Fiction
273,"Publication Manual of the American Psychological Association, 6th Edition",American Psychological Association,2010,Non Fiction
274,"Publication Manual of the American Psychological Association, 6th Edition",American Psychological Association,2011,Non Fiction
275,"Publication Manual of the American Psychological Association, 6th Edition",American Psychological Association,2012,Non Fiction
276,"Publication Manual of the American Psychological Association, 6th Edition",American Psychological Association,2013,Non Fiction
277,"Publication Manual of the American Psychological Association, 6th Edition",American Psychological Association,2014,Non Fiction
278,"Publication Manual of the American Psychological Association, 6th Edition",American Psychological Association,2015,Non Fiction
279,"Publication Manual of the American Psychological Association, 6th Edition",American Psychological Association,2016,Non Fiction
280,"Publication Manual of the American Psychological Association, 6th Edition",American Psychological Association,2017,Non Fiction
281,"Publication Manual of the American Psychological Association, 6th Edition",American Psychological Association,2018,Non Fiction
282,Puppy Birthday to You! (Paw Patrol) (Little Golden Book),Golden Books,2017,Fiction
283,Quiet: The Power of Introverts in a World That Can't Stop Talking,Susan Cain,2012,Non Fiction
284,Quiet: The Power of Introverts in a World That Can't Stop Talking,Susan Cain,2013,Non Fiction
285,Radical: Taking Back Your Faith from the American Dream,David Platt,2010,Non Fiction
286,Radical: Taking Back Your Faith from the American Dream,David Platt,2011,Non Fiction
287,Ready Player One: A Novel,Ernest Cline,2017,Fiction
288,Ready Player One: A Novel,Ernest Cline,2018,Fiction
289,Rush Revere and the Brave Pilgrims: Time-Travel Adventures with Exceptional Americans (1),Rush Limbaugh,2013,Fiction
290,Rush Revere and the First Patriots: Time-Travel Adventures With Exceptional Americans (2),Rush Limbaugh,2014,Fiction
291,"Salt, Fat, Acid, Heat: Mastering the Elements of Good Cooking",Samin Nosrat,2018,Non Fiction
292,"Salt, Fat, Acid, Heat: Mastering the Elements of Good Cooking",Samin Nosrat,2019,Non Fiction
293,Sarah's Key,Tatiana de Rosnay,2010,Fiction
294,"School Zone - Big Preschool Workbook - Ages 4 and Up, Colors, Shapes, Numbers 1-10, Alphabet, Pre-Writing, Pre-Readingâ€¦",School Zone,2018,Non Fiction
295,"School Zone - Big Preschool Workbook - Ages 4 and Up, Colors, Shapes, Numbers 1-10, Alphabet, Pre-Writing, Pre-Readingâ€¦",School Zone,2019,Non Fiction
296,"Secret Garden: An Inky Treasure Hunt and Coloring Book (For Adults, mindfulness coloring)",Johanna Basford,2015,Non Fiction
297,Sh*t My Dad Says,Justin Halpern,2010,Non Fiction
298,Ship of Fools: How a Selfish Ruling Class Is Bringing America to the Brink of Revolution,Tucker Carlson,2018,Non Fiction
299,Shred: The Revolutionary Diet: 6 Weeks 4 Inches 2 Sizes,Ian K. Smith M.D.,2013,Non Fiction
300,Sookie Stackhouse,Charlaine Harris,2009,Fiction
301,"Soul Healing Miracles: Ancient and New Sacred Wisdom, Knowledge, and Practical Techniques for Healing the Spiritualâ€¦",Zhi Gang Sha,2013,Non Fiction
302,Steve Jobs,Walter Isaacson,2011,Non Fiction
303,Steve Jobs,Walter Isaacson,2012,Non Fiction
304,Strange Planet (Strange Planet Series),Nathan W. Pyle,2019,Fiction
305,StrengthsFinder 2.0,Gallup,2009,Non Fiction
306,StrengthsFinder 2.0,Gallup,2010,Non Fiction
307,StrengthsFinder 2.0,Gallup,2011,Non Fiction
308,StrengthsFinder 2.0,Gallup,2012,Non Fiction
309,StrengthsFinder 2.0,Gallup,2013,Non Fiction
310,StrengthsFinder 2.0,Gallup,2014,Non Fiction
311,StrengthsFinder 2.0,Gallup,2015,Non Fiction
312,StrengthsFinder 2.0,Gallup,2016,Non Fiction
313,StrengthsFinder 2.0,Gallup,2017,Non Fiction
314,"Super Freakonomics: Global Cooling, Patriotic Prostitutes, and Why Suicide Bombers Should Buy Life Insurance",Steven D. Levitt,2009,Non Fiction
315,Switch: How to Change Things When Change Is Hard,Chip Heath,2010,Non Fiction
316,Sycamore Row (Jake Brigance),John Grisham,2013,Fiction
317,Teach Like a Champion: 49 Techniques that Put Students on the Path to College,Doug Lemov,2010,Non Fiction
318,Teach Like a Champion: 49 Techniques that Put Students on the Path to College,Doug Lemov,2011,Non Fiction
319,The 17 Day Diet: A Doctor's Plan Designed for Rapid Results,Mike Moreno,2011,Non Fiction
320,"The 4 Hour Body: An Uncommon Guide to Rapid Fat Loss, Incredible Sex and Becoming Superhuman",Timothy Ferriss,2011,Non Fiction
321,The 5 Love Languages: The Secret to Love That Lasts,Gary Chapman,2010,Non Fiction
322,The 5 Love Languages: The Secret to Love That Lasts,Gary Chapman,2011,Non Fiction
323,The 5 Love Languages: The Secret to Love That Lasts,Gary Chapman,2012,Non Fiction
324,The 5 Love Languages: The Secret to Love That Lasts,Gary Chapman,2013,Non Fiction
325,The 5 Love Languages: The Secret to Love That Lasts,Gary Chapman,2014,Non Fiction
326,The 5 Love Languages: The Secret to Love that Lasts,Gary Chapman,2015,Non Fiction
327,The 5 Love Languages: The Secret to Love that Lasts,Gary Chapman,2016,Non Fiction
328,The 5 Love Languages: The Secret to Love that Lasts,Gary Chapman,2017,Non Fiction
329,The 5 Love Languages: The Secret to Love that Lasts,Gary Chapman,2018,Non Fiction
330,The 5 Love Languages: The Secret to Love that Lasts,Gary Chapman,2019,Non Fiction
331,The 5000 Year Leap,W. Cleon Skousen,2009,Non Fiction
332,The 7 Habits of Highly Effective People: Powerful Lessons in Personal Change,Stephen R. Covey,2009,Non Fiction
333,The 7 Habits of Highly Effective People: Powerful Lessons in Personal Change,Stephen R. Covey,2011,Non Fiction
334,The 7 Habits of Highly Effective People: Powerful Lessons in Personal Change,Stephen R. Covey,2012,Non Fiction
335,The 7 Habits of Highly Effective People: Powerful Lessons in Personal Change,Stephen R. Covey,2013,Non Fiction
336,The 7 Habits of Highly Effective People: Powerful Lessons in Personal Change,Stephen R. Covey,2015,Non Fiction
337,The 7 Habits of Highly Effective People: Powerful Lessons in Personal Change,Stephen R. Covey,2016,Non Fiction
338,The 7 Habits of Highly Effective People: Powerful Lessons in Personal Change,Stephen R. Covey,2017,Non Fiction
339,The Alchemist,Paulo Coelho,2014,Fiction
340,The Amateur,Edward Klein,2012,Non Fiction
341,The Art of Racing in the Rain: A Novel,Garth Stein,2010,Fiction
342,The Art of Racing in the Rain: A Novel,Garth Stein,2011,Fiction
343,The Big Short: Inside the Doomsday Machine,Michael Lewis,2010,Non Fiction
344,The Blood of Olympus (The Heroes of Olympus (5)),Rick Riordan,2014,Fiction
345,"The Blood Sugar Solution: The UltraHealthy Program for Losing Weight, Preventing Disease, and Feeling Great Now!",Mark Hyman M.D.,2012,Non Fiction
346,"The Body Keeps the Score: Brain, Mind, and Body in the Healing of Trauma",Bessel van der Kolk M.D.,2019,Non Fiction
347,The Book of Basketball: The NBA According to The Sports Guy,Bill Simmons,2009,Non Fiction
348,The Book Thief,Markus Zusak,2013,Fiction
349,The Book Thief,Markus Zusak,2014,Fiction
350,The Book with No Pictures,B. J. Novak,2014,Fiction
351,The Book with No Pictures,B. J. Novak,2015,Fiction
352,The Boys in the Boat: Nine Americans and Their Epic Quest for Gold at the 1936 Berlin Olympics,Daniel James Brown,2014,Non Fiction
353,The Boys in the Boat: Nine Americans and Their Epic Quest for Gold at the 1936 Berlin Olympics,Daniel James Brown,2015,Non Fiction
354,The Casual Vacancy,J.K. Rowling,2012,Fiction
355,The China Study: The Most Comprehensive Study of Nutrition Ever Conducted And the Startling Implications for Dietâ€¦,Thomas Campbell,2011,Non Fiction
356,The Complete Ketogenic Diet for Beginners: Your Essential Guide to Living the Keto Lifestyle,Amy Ramos,2018,Non Fiction
357,The Complete Ketogenic Diet for Beginners: Your Essential Guide to Living the Keto Lifestyle,Amy Ramos,2019,Non Fiction
358,The Confession: A Novel,John Grisham,2010,Fiction
359,The Constitution of the United States,Delegates of the ConstitutionalÂ…,2016,Non Fiction
360,The Daily Show with Jon Stewart Presents Earth (The Book): A Visitor's Guide to the Human Race,Jon Stewart,2010,Non Fiction
361,The Day the Crayons Quit,Drew Daywalt,2013,Fiction
362,The Day the Crayons Quit,Drew Daywalt,2014,Fiction
363,The Day the Crayons Quit,Drew Daywalt,2015,Fiction
364,"The Dukan Diet: 2 Steps to Lose the Weight, 2 Steps to Keep It Off Forever",Pierre Dukan,2011,Non Fiction
365,The Elegance of the Hedgehog,Muriel Barbery,2009,Fiction
366,The Fault in Our Stars,John Green,2012,Fiction
367,The Fault in Our Stars,John Green,2013,Fiction
368,The Fault in Our Stars,John Green,2014,Fiction
369,The Fault in Our Stars,John Green,2014,Fiction
370,The Five Dysfunctions of a Team: A Leadership Fable,Patrick Lencioni,2009,Non Fiction
371,The Five Dysfunctions of a Team: A Leadership Fable,Patrick Lencioni,2010,Non Fiction
372,The Five Dysfunctions of a Team: A Leadership Fable,Patrick Lencioni,2011,Non Fiction
373,The Five Dysfunctions of a Team: A Leadership Fable,Patrick Lencioni,2012,Non Fiction
374,The Five Dysfunctions of a Team: A Leadership Fable,Patrick Lencioni,2013,Non Fiction
375,The Five Love Languages: How to Express Heartfelt Commitment to Your Mate,Gary Chapman,2009,Non Fiction
376,The Four Agreements: A Practical Guide to Personal Freedom (A Toltec Wisdom Book),Don Miguel Ruiz,2013,Non Fiction
377,The Four Agreements: A Practical Guide to Personal Freedom (A Toltec Wisdom Book),Don Miguel Ruiz,2015,Non Fiction
378,The Four Agreements: A Practical Guide to Personal Freedom (A Toltec Wisdom Book),Don Miguel Ruiz,2016,Non Fiction
379,The Four Agreements: A Practical Guide to Personal Freedom (A Toltec Wisdom Book),Don Miguel Ruiz,2017,Non Fiction
380,The Four Agreements: A Practical Guide to Personal Freedom (A Toltec Wisdom Book),Don Miguel Ruiz,2018,Non Fiction
381,The Four Agreements: A Practical Guide to Personal Freedom (A Toltec Wisdom Book),Don Miguel Ruiz,2019,Non Fiction
382,The Getaway,Jeff Kinney,2017,Fiction
383,The Girl on the Train,Paula Hawkins,2015,Fiction
384,The Girl on the Train,Paula Hawkins,2016,Fiction
385,The Girl Who Kicked the Hornet's Nest (Millennium Trilogy),Stieg Larsson,2010,Fiction
386,The Girl Who Kicked the Hornet's Nest (Millennium Trilogy),Stieg Larsson,2011,Fiction
387,The Girl Who Played with Fire (Millennium Series),Stieg Larsson,2010,Fiction
388,The Girl Who Played with Fire (Millennium),Stieg Larsson,2009,Fiction
389,The Girl with the Dragon Tattoo (Millennium Series),Stieg Larsson,2009,Fiction
390,The Girl with the Dragon Tattoo (Millennium Series),Stieg Larsson,2010,Fiction
391,The Going-To-Bed Book,Sandra Boynton,2016,Fiction
392,The Going-To-Bed Book,Sandra Boynton,2017,Fiction
393,The Goldfinch: A Novel (Pulitzer Prize for Fiction),Donna Tartt,2013,Fiction
394,The Goldfinch: A Novel (Pulitzer Prize for Fiction),Donna Tartt,2014,Fiction
395,The Great Gatsby,F. Scott Fitzgerald,2012,Fiction
396,The Great Gatsby,F. Scott Fitzgerald,2013,Fiction
397,The Great Gatsby,F. Scott Fitzgerald,2014,Fiction
398,The Guardians: A Novel,John Grisham,2019,Fiction
399,The Guernsey Literary and Potato Peel Pie Society,Mary Ann Shaffer,2009,Fiction
400,The Handmaid's Tale,Margaret Atwood,2017,Fiction
401,The Harbinger: The Ancient Mystery that Holds the Secret of America's Future,Jonathan Cahn,2012,Fiction
402,The Hate U Give,Angie Thomas,2018,Fiction
403,The Help,Kathryn Stockett,2009,Fiction
404,The Help,Kathryn Stockett,2010,Fiction
405,The Help,Kathryn Stockett,2011,Fiction
406,The Help,Kathryn Stockett,2011,Fiction
407,"The House of Hades (Heroes of Olympus, Book 4)",Rick Riordan,2013,Fiction
408,The Hunger Games,Suzanne Collins,2010,Fiction
409,The Hunger Games (Book 1),Suzanne Collins,2011,Fiction
410,The Hunger Games (Book 1),Suzanne Collins,2012,Fiction
411,The Hunger Games Trilogy Boxed Set (1),Suzanne Collins,2011,Fiction
412,The Hunger Games Trilogy Boxed Set (1),Suzanne Collins,2012,Fiction
413,The Immortal Life of Henrietta Lacks,Rebecca Skloot,2010,Non Fiction
414,The Immortal Life of Henrietta Lacks,Rebecca Skloot,2011,Non Fiction
415,The Immortal Life of Henrietta Lacks,Rebecca Skloot,2012,Non Fiction
416,The Instant Pot Electric Pressure Cooker Cookbook: Easy Recipes for Fast & Healthy Meals,Laurel Randolph,2017,Non Fiction
417,The Instant Pot Electric Pressure Cooker Cookbook: Easy Recipes for Fast & Healthy Meals,Laurel Randolph,2018,Non Fiction
418,The Last Lecture,Randy Pausch,2009,Non Fiction
419,"The Last Olympian (Percy Jackson and the Olympians, Book 5)",Rick Riordan,2009,Fiction
420,"The Last Olympian (Percy Jackson and the Olympians, Book 5)",Rick Riordan,2010,Fiction
421,The Legend of Zelda: Hyrule Historia,Patrick Thorpe,2013,Fiction
422,The Lego Ideas Book: Unlock Your Imagination,Daniel Lipkowitz,2011,Non Fiction
423,The Lego Ideas Book: Unlock Your Imagination,Daniel Lipkowitz,2012,Non Fiction
424,The Life-Changing Magic of Tidying Up: The Japanese Art of Decluttering and Organizing,Marie KondÅ,2015,Non Fiction
425,The Life-Changing Magic of Tidying Up: The Japanese Art of Decluttering and Organizing,Marie KondÅ,2016,Non Fiction
426,The Life-Changing Magic of Tidying Up: The Japanese Art of Decluttering and Organizing,Marie KondÅ,2017,Non Fiction
427,The Life-Changing Magic of Tidying Up: The Japanese Art of Decluttering and Organizing,Marie KondÅ,2019,Non Fiction
428,The Litigators,John Grisham,2011,Fiction
429,"The Lost Hero (Heroes of Olympus, Book 1)",Rick Riordan,2010,Fiction
430,The Lost Symbol,Dan Brown,2009,Fiction
431,The Love Dare,Stephen Kendrick,2009,Non Fiction
432,The Magnolia Story,Chip Gaines,2016,Non Fiction
433,"The Mark of Athena (Heroes of Olympus, Book 3)",Rick Riordan,2012,Fiction
434,The Martian,Andy Weir,2015,Fiction
435,The Maze Runner (Book 1),James Dashner,2014,Fiction
436,The Meltdown (Diary of a Wimpy Kid Book 13),Jeff Kinney,2018,Fiction
437,The Mueller Report,The Washington Post,2019,Non Fiction
438,The Nightingale: A Novel,Kristin Hannah,2015,Fiction
439,The Nightingale: A Novel,Kristin Hannah,2016,Fiction
440,The Official SAT Study Guide,The College Board,2010,Non Fiction
441,The Official SAT Study Guide,The College Board,2011,Non Fiction
442,The Official SAT Study Guide,The College Board,2012,Non Fiction
443,The Official SAT Study Guide,The College Board,2013,Non Fiction
444,The Official SAT Study Guide,The College Board,2014,Non Fiction
445,"The Official SAT Study Guide, 2016 Edition (Official Study Guide for the New Sat)",The College Board,2016,Non Fiction
446,The Paris Wife: A Novel,Paula McLain,2011,Fiction
447,"The Pioneer Woman Cooks: A Year of Holidays: 140 Step-by-Step Recipes for Simple, Scrumptious Celebrations",Ree Drummond,2013,Non Fiction
448,"The Pioneer Woman Cooks: Dinnertime - Comfort Classics, Freezer Food, 16-minute Meals, and Other Delicious Ways to Solveâ€¦",Ree Drummond,2015,Non Fiction
449,The Pioneer Woman Cooks: Food from My Frontier,Ree Drummond,2012,Non Fiction
450,"The Plant Paradox Cookbook: 100 Delicious Recipes to Help You Lose Weight, Heal Your Gut, and Live Lectin-Free",Dr. Steven R Gundry MD,2018,Non Fiction
451,"The Plant Paradox: The Hidden Dangers in ""Healthy"" Foods That Cause Disease and Weight Gain",Dr. Steven R Gundry MD,2018,Non Fiction
452,The Pout-Pout Fish,Deborah Diesen,2017,Fiction
453,The Pout-Pout Fish,Deborah Diesen,2018,Fiction
454,The Power of Habit: Why We Do What We Do in Life and Business,Charles Duhigg,2012,Non Fiction
455,The President Is Missing: A Novel,James Patterson,2018,Fiction
456,The Racketeer,John Grisham,2012,Fiction
457,"The Red Pyramid (The Kane Chronicles, Book 1)",Rick Riordan,2010,Fiction
458,"The Road to Serfdom: Text and Documents--The Definitive Edition (The Collected Works of F. A. Hayek, Volume 2)",F. A. Hayek,2010,Non Fiction
459,"The Serpent's Shadow (The Kane Chronicles, Book 3)",Rick Riordan,2012,Fiction
460,The Shack: Where Tragedy Confronts Eternity,William P. Young,2009,Fiction
461,The Shack: Where Tragedy Confronts Eternity,William P. Young,2017,Fiction
462,The Short Second Life of Bree Tanner: An Eclipse Novella (The Twilight Saga),Stephenie Meyer,2010,Fiction
463,The Silent Patient,Alex Michaelides,2019,Fiction
464,"The Son of Neptune (Heroes of Olympus, Book 2)",Rick Riordan,2011,Fiction
465,The Subtle Art of Not Giving a F*ck: A Counterintuitive Approach to Living a Good Life,Mark Manson,2017,Non Fiction
466,The Subtle Art of Not Giving a F*ck: A Counterintuitive Approach to Living a Good Life,Mark Manson,2018,Non Fiction
467,The Subtle Art of Not Giving a F*ck: A Counterintuitive Approach to Living a Good Life,Mark Manson,2019,Non Fiction
468,The Sun and Her Flowers,Rupi Kaur,2017,Non Fiction
469,"The Third Wheel (Diary of a Wimpy Kid, Book 7)",Jeff Kinney,2012,Fiction
470,"The Throne of Fire (The Kane Chronicles, Book 2)",Rick Riordan,2011,Fiction
471,The Time Traveler's Wife,Audrey Niffenegger,2009,Fiction
472,The Tipping Point: How Little Things Can Make a Big Difference,Malcolm Gladwell,2009,Non Fiction
473,The Total Money Makeover: Classic Edition: A Proven Plan for Financial Fitness,Dave Ramsey,2019,Non Fiction
474,The Twilight Saga Collection,Stephenie Meyer,2009,Fiction
475,"The Ugly Truth (Diary of a Wimpy Kid, Book 5)",Jeff Kinney,2010,Fiction
476,The Unofficial Harry Potter Cookbook: From Cauldron Cakes to Knickerbocker Glory--More Than 150 Magical Recipes forâ€¦,Dinah Bucholz,2019,Non Fiction
477,The Very Hungry Caterpillar,Eric Carle,2013,Fiction
478,The Very Hungry Caterpillar,Eric Carle,2014,Fiction
479,The Very Hungry Caterpillar,Eric Carle,2015,Fiction
480,The Very Hungry Caterpillar,Eric Carle,2016,Fiction
481,The Very Hungry Caterpillar,Eric Carle,2017,Fiction
482,The Very Hungry Caterpillar,Eric Carle,2018,Fiction
483,The Very Hungry Caterpillar,Eric Carle,2019,Fiction
484,The Whole30: The 30-Day Guide to Total Health and Food Freedom,Melissa Hartwig Urban,2015,Non Fiction
485,The Whole30: The 30-Day Guide to Total Health and Food Freedom,Melissa Hartwig Urban,2016,Non Fiction
486,The Whole30: The 30-Day Guide to Total Health and Food Freedom,Melissa Hartwig Urban,2017,Non Fiction
487,The Wonderful Things You Will Be,Emily Winfield Martin,2016,Fiction
488,The Wonderful Things You Will Be,Emily Winfield Martin,2017,Fiction
489,The Wonderful Things You Will Be,Emily Winfield Martin,2018,Fiction
490,The Wonderful Things You Will Be,Emily Winfield Martin,2019,Fiction
491,The Wonky Donkey,Craig Smith,2018,Fiction
492,The Wonky Donkey,Craig Smith,2019,Fiction
493,The Wright Brothers,David McCullough,2015,Non Fiction
494,"Things That Matter: Three Decades of Passions, Pastimes and Politics [Deckled Edge]",Charles Krauthammer,2013,Non Fiction
495,"Thinking, Fast and Slow",Daniel Kahneman,2011,Non Fiction
496,"Thinking, Fast and Slow",Daniel Kahneman,2012,Non Fiction
497,Thirteen Reasons Why,Jay Asher,2017,Fiction
498,Thomas Jefferson: The Art of Power,Jon Meacham,2012,Non Fiction
499,Three Cups of Tea: One Man's Mission to Promote Peace - One School at a Time,Greg Mortenson,2009,Non Fiction
500,Three Cups of Tea: One Man's Mission to Promote Peace - One School at a Time,Greg Mortenson,2010,Non Fiction
501,Thug Kitchen: The Official Cookbook: Eat Like You Give a F*ck (Thug Kitchen Cookbooks),Thug Kitchen,2014,Non Fiction
502,Thug Kitchen: The Official Cookbook: Eat Like You Give a F*ck (Thug Kitchen Cookbooks),Thug Kitchen,2015,Non Fiction
503,Thug Kitchen: The Official Cookbook: Eat Like You Give a F*ck (Thug Kitchen Cookbooks),Thug Kitchen,2016,Non Fiction
504,Thug Kitchen: The Official Cookbook: Eat Like You Give a F*ck (Thug Kitchen Cookbooks),Thug Kitchen,2017,Non Fiction
505,Tina Fey: Bossypants,Tina Fey,2011,Non Fiction
506,To Kill a Mockingbird,Harper Lee,2013,Fiction
507,To Kill a Mockingbird,Harper Lee,2014,Fiction
508,To Kill a Mockingbird,Harper Lee,2015,Fiction
509,To Kill a Mockingbird,Harper Lee,2016,Fiction
510,To Kill a Mockingbird,Harper Lee,2019,Fiction
511,"Tools of Titans: The Tactics, Routines, and Habits of Billionaires, Icons, and World-Class Performers",Timothy Ferriss,2017,Non Fiction
512,"Towers of Midnight (Wheel of Time, Book Thirteen)",Robert Jordan,2010,Fiction
513,True Compass: A Memoir,Edward M. Kennedy,2009,Non Fiction
514,"Twilight (The Twilight Saga, Book 1)",Stephenie Meyer,2009,Fiction
515,Ultimate Sticker Book: Frozen: More Than 60 Reusable Full-Color Stickers,DK,2014,Fiction
516,"Unbroken: A World War II Story of Survival, Resilience, and Redemption",Laura Hillenbrand,2010,Non Fiction
517,"Unbroken: A World War II Story of Survival, Resilience, and Redemption",Laura Hillenbrand,2011,Non Fiction
518,"Unbroken: A World War II Story of Survival, Resilience, and Redemption",Laura Hillenbrand,2012,Non Fiction
519,"Unbroken: A World War II Story of Survival, Resilience, and Redemption",Laura Hillenbrand,2014,Non Fiction
520,"Unbroken: A World War II Story of Survival, Resilience, and Redemption",Laura Hillenbrand,2014,Non Fiction
521,Under the Dome: A Novel,Stephen King,2009,Fiction
522,Unfreedom of the Press,Mark R. Levin,2019,Non Fiction
523,Unicorn Coloring Book: For Kids Ages 4-8 (US Edition) (Silly Bear Coloring Books),Silly Bear,2019,Non Fiction
524,"Uninvited: Living Loved When You Feel Less Than, Left Out, and Lonely",Lysa TerKeurst,2016,Non Fiction
525,Watchmen,Alan Moore,2009,Fiction
526,Water for Elephants: A Novel,Sara Gruen,2011,Fiction
527,What Happened,Hillary Rodham Clinton,2017,Non Fiction
528,What If?: Serious Scientific Answers to Absurd Hypothetical Questions,Randall Munroe,2014,Non Fiction
529,What Pet Should I Get? (Classic Seuss),Dr. Seuss,2015,Fiction
530,What Should Danny Do? (The Power to Choose Series),Adir Levy,2019,Fiction
531,What to Expect When You're Expecting,Heidi Murkoff,2011,Non Fiction
532,"Wheat Belly: Lose the Wheat, Lose the Weight, and Find Your Path Back to Health",William Davis,2012,Non Fiction
533,"Wheat Belly: Lose the Wheat, Lose the Weight, and Find Your Path Back to Health",William Davis,2013,Non Fiction
534,When Breath Becomes Air,Paul Kalanithi,2016,Non Fiction
535,Where the Crawdads Sing,Delia Owens,2019,Fiction
536,Where the Wild Things Are,Maurice Sendak,2009,Fiction
537,Whose Boat Is This Boat?: Comments That Don't Help in the Aftermath of a Hurricane,The Staff of The Late Show withÂ…,2018,Non Fiction
538,Wild: From Lost to Found on the Pacific Crest Trail,Cheryl Strayed,2012,Non Fiction
539,Winter of the World: Book Two of the Century Trilogy,Ken Follett,2012,Fiction
540,Women Food and God: An Unexpected Path to Almost Everything,Geneen Roth,2010,Non Fiction
541,Wonder,R. J. Palacio,2013,Fiction
542,Wonder,R. J. Palacio,2014,Fiction
543,Wonder,R. J. Palacio,2015,Fiction
544,Wonder,R. J. Palacio,2016,Fiction
545,Wonder,R. J. Palacio,2017,Fiction
546,Wrecking Ball (Diary of a Wimpy Kid Book 14),Jeff Kinney,2019,Fiction
547,You Are a Badass: How to Stop Doubting Your Greatness and Start Living an Awesome Life,Jen Sincero,2016,Non Fiction
548,You Are a Badass: How to Stop Doubting Your Greatness and Start Living an Awesome Life,Jen Sincero,2017,Non Fiction
549,You Are a Badass: How to Stop Doubting Your Greatness and Start Living an Awesome Life,Jen Sincero,2018,Non Fiction
550,You Are a Badass: How to Stop Doubting Your Greatness and Start Living an Awesome Life,Jen Sincero,2019,Non Fiction
